2025-10-26T21:34:18-07:00,Release,2024,01,part1,64
2025-10-26T21:34:18-07:00,Release,2024,01,part2,62
2025-10-26T21:34:19-07:00,Release,2024,02,part1,74
2025-10-26T21:34:19-07:00,Release,2024,02,part2,87
2025-10-26T21:34:19-07:00,Release,2024,04,part1,349
2025-10-26T21:34:19-07:00,Release,2024,04,part2,74
2025-10-26T21:34:19-07:00,Release,2024,05,part1,60
2025-10-26T21:34:19-07:00,Release,2024,05,part2,73
2025-10-26T21:34:20-07:00,Release,2024,07,part1,279
2025-10-26T21:34:36-07:00,Release,2024,07,part2,16809
2025-10-26T21:34:37-07:00,Release,2024,08,part1,19
2025-10-26T21:34:37-07:00,Release,2024,08,part2,20
2025-10-26T21:34:37-07:00,Release,2024,11,part1,754
